Workbook

Sheet ReadMe
B1: Ops Manager Daily Tracker
B3: How to use this workbook (2-3 minutes at end of each day):
B4: 1. DailyHours tab - add one row per working day: Date, Start, Finish, Break minutes. Hours Worked calculates itself.
B5: 2. TaskLog tab - add one row per task per day, straight from your End of Day report: the task, what 'done' means, estimated vs actual hours, status, evidence link, and the reason + new date if it slipped.
B6: 3. MonthlySummary tab - nothing to type. It accumulates hours and achievements per month and cumulatively on its own.
B8: Legend - which cells to edit:
B9: BLUE text = cells you type into (the example rows show the expected format - overwrite them with your first real day).
B10: Black cells = formulas. Do not type over them.
B11: Both log tabs have formulas pre-filled down to row 500 - just keep adding rows within that range.
B13: Rules that make the numbers mean something:
B14: Every task gets an estimate before the day starts (nearest 0.5 hr) and an actual at end of day.
B15: Status 'Done' is only for finished, checkable outcomes with evidence - it is what MonthlySummary counts as achieved.
... B18: Companion document: OPS-MANAGER-DAILY-REPORTING.md (start-of-day, end-of-day and break-handover report templates that feed this file).

Sheet DailyHours
A1: Date | B1: Day | C1: Start | D1: Finish | E1: Break (mins) | F1: Hours Worked | G1: Month
A2: 46258 | B2: =IF(A2="","",TEXT(A2,"ddd")) -> Mon | C2: 0.35416667 | D2: 0.70833333 | E2: 30 | F2: =IF(OR(A2="",C2="",D2=""),"",ROUND((D2-C2)*24-E2/60,2)) -> 8 | G2: =IF(A2="","",TEXT(A2,"YYYY-MM")) -> 2026-08
B3: =IF(A3="","",TEXT(A3,"ddd")) | F3: =IF(OR(A3="",C3="",D3=""),"",ROUND((D3-C3)*24-E3/60,2)) | G3: =IF(A3="","",TEXT(A3,"YYYY-MM"))
B4: =IF(A4="","",TEXT(A4,"ddd")) | F4: =IF(OR(A4="",C4="",D4=""),"",ROUND((D4-C4)*24-E4/60,2)) | G4: =IF(A4="","",TEXT(A4,"YYYY-MM"))
B5: =IF(A5="","",TEXT(A5,"ddd")) | F5: =IF(OR(A5="",C5="",D5=""),"",ROUND((D5-C5)*24-E5/60,2)) | G5: =IF(A5="","",TEXT(A5,"YYYY-MM"))
B6: =IF(A6="","",TEXT(A6,"ddd")) | F6: =IF(OR(A6="",C6="",D6=""),"",ROUND((D6-C6)*24-E6/60,2)) | G6: =IF(A6="","",TEXT(A6,"YYYY-MM"))
B7: =IF(A7="","",TEXT(A7,"ddd")) | F7: =IF(OR(A7="",C7="",D7=""),"",ROUND((D7-C7)*24-E7/60,2)) | G7: =IF(A7="","",TEXT(A7,"YYYY-MM"))
B8: =IF(A8="","",TEXT(A8,"ddd")) | F8: =IF(OR(A8="",C8="",D8=""),"",ROUND((D8-C8)*24-E8/60,2)) | G8: =IF(A8="","",TEXT(A8,"YYYY-MM"))
B9: =IF(A9="","",TEXT(A9,"ddd")) | F9: =IF(OR(A9="",C9="",D9=""),"",ROUND((D9-C9)*24-E9/60,2)) | G9: =IF(A9="","",TEXT(A9,"YYYY-MM"))
B10: =IF(A10="","",TEXT(A10,"ddd")) | F10: =IF(OR(A10="",C10="",D10=""),"",ROUND((D10-C10)*24-E10/60,2)) | G10: =IF(A10="","",TEXT(A10,"YYYY-MM"))
B11: =IF(A11="","",TEXT(A11,"ddd")) | F11: =IF(OR(A11="",C11="",D11=""),"",ROUND((D11-C11)*24-E11/60,2)) | G11: =IF(A11="","",TEXT(A11,"YYYY-MM"))
B12: =IF(A12="","",TEXT(A12,"ddd")) | F12: =IF(OR(A12="",C12="",D12=""),"",ROUND((D12-C12)*24-E12/60,2)) | G12: =IF(A12="","",TEXT(A12,"YYYY-MM"))
B13: =IF(A13="","",TEXT(A13,"ddd")) | F13: =IF(OR(A13="",C13="",D13=""),"",ROUND((D13-C13)*24-E13/60,2)) | G13: =IF(A13="","",TEXT(A13,"YYYY-MM"))
B14: =IF(A14="","",TEXT(A14,"ddd")) | F14: =IF(OR(A14="",C14="",D14=""),"",ROUND((D14-C14)*24-E14/60,2)) | G14: =IF(A14="","",TEXT(A14,"YYYY-MM"))
... B500: =IF(A500="","",TEXT(A500,"ddd")) | F500: =IF(OR(A500="",C500="",D500=""),"",ROUND((D500-C500)*24-E500/60,2)) | G500: =IF(A500="","",TEXT(A500,"YYYY-MM"))

Sheet TaskLog
A1: Date | B1: Task | C1: Done means (checkable outcome) | D1: Est Hrs | E1: Actual Hrs | F1: Variance (hrs) | G1: Status | H1: Evidence / link | I1: If delayed: why + new date | J1: Month
A2: 46258 | B2: Onboarding email sequence | C2: All 5 emails drafted and loaded into CRM, test send passed | D2: 3 | E2: 3.5 | F2: =IF(OR(D2="",E2=""),"",E2-D2) -> 0.5 | G2: Done | H2: CRM > Sequences > 'New Client Onboarding' | J2: =IF(A2="","",TEXT(A2,"YYYY-MM")) -> 2026-08
A3: 46258 | B3: August invoice run | C3: All client invoices issued in Xero and log updated | D3: 1.5 | E3: 1 | F3: =IF(OR(D3="",E3=""),"",E3-D3) -> -0.5 | G3: Done | H3: Xero invoice list 24-Aug | J3: =IF(A3="","",TEXT(A3,"YYYY-MM")) -> 2026-08
A4: 46258 | B4: Supplier contract review | C4: Redlines returned to supplier with cover note | D4: 2 | E4: 1 | F4: =IF(OR(D4="",E4=""),"",E4-D4) -> -1 | G4: In Progress | I4: Waiting on pricing schedule from supplier - chased 24-Aug, will complete 25-Aug | J4: =IF(A4="","",TEXT(A4,"YYYY-MM")) -> 2026-08
F5: =IF(OR(D5="",E5=""),"",E5-D5) | J5: =IF(A5="","",TEXT(A5,"YYYY-MM"))
F6: =IF(OR(D6="",E6=""),"",E6-D6) | J6: =IF(A6="","",TEXT(A6,"YYYY-MM"))
F7: =IF(OR(D7="",E7=""),"",E7-D7) | J7: =IF(A7="","",TEXT(A7,"YYYY-MM"))
F8: =IF(OR(D8="",E8=""),"",E8-D8) | J8: =IF(A8="","",TEXT(A8,"YYYY-MM"))
F9: =IF(OR(D9="",E9=""),"",E9-D9) | J9: =IF(A9="","",TEXT(A9,"YYYY-MM"))
F10: =IF(OR(D10="",E10=""),"",E10-D10) | J10: =IF(A10="","",TEXT(A10,"YYYY-MM"))
F11: =IF(OR(D11="",E11=""),"",E11-D11) | J11: =IF(A11="","",TEXT(A11,"YYYY-MM"))
F12: =IF(OR(D12="",E12=""),"",E12-D12) | J12: =IF(A12="","",TEXT(A12,"YYYY-MM"))
F13: =IF(OR(D13="",E13=""),"",E13-D13) | J13: =IF(A13="","",TEXT(A13,"YYYY-MM"))
F14: =IF(OR(D14="",E14=""),"",E14-D14) | J14: =IF(A14="","",TEXT(A14,"YYYY-MM"))
F15: =IF(OR(D15="",E15=""),"",E15-D15) | J15: =IF(A15="","",TEXT(A15,"YYYY-MM"))
F16: =IF(OR(D16="",E16=""),"",E16-D16) | J16: =IF(A16="","",TEXT(A16,"YYYY-MM"))
... F500: =IF(OR(D500="",E500=""),"",E500-D500) | J500: =IF(A500="","",TEXT(A500,"YYYY-MM"))

Sheet MonthlySummary
A1: Month key | B1: Month | C1: Hours Worked | D1: Days Worked | E1: Avg Hrs/Day | F1: Tasks Logged | G1: Tasks Completed | H1: Completion % | I1: Est Hrs (tasks) | J1: Actual Hrs (tasks) | K1: Cumulative Hours | L1: Cumulative Tasks Completed
A2: 2026-08 | B2: Aug-26 | C2: =SUMIFS(DailyHours!$F$2:$F$500,DailyHours!$G$2:$G$500,$A2) -> 8 | D2: =COUNTIFS(DailyHours!$G$2:$G$500,$A2) -> 1 | E2: =IF(D2=0,"",ROUND(C2/D2,2)) -> 8 | F2: =COUNTIFS(TaskLog!$J$2:$J$500,$A2) -> 3 | G2: =COUNTIFS(TaskLog!$J$2:$J$500,$A2,TaskLog!$G$2:$G$500,"Done") -> 2 | H2: =IF(F2=0,"",G2/F2) -> 0.66666667 | I2: =SUMIFS(TaskLog!$D$2:$D$500,TaskLog!$J$2:$J$500,$A2) -> 6.5 | J2: =SUMIFS(TaskLog!$E$2:$E$500,TaskLog!$J$2:$J$500,$A2) -> 5.5 | K2: =SUM($C$2:C2) -> 8 | L2: =SUM($G$2:G2) -> 2
A3: 2026-09 | B3: Sep-26 | C3: =SUMIFS(DailyHours!$F$2:$F$500,DailyHours!$G$2:$G$500,$A3) -> 0 | D3: =COUNTIFS(DailyHours!$G$2:$G$500,$A3) -> 0 | E3: =IF(D3=0,"",ROUND(C3/D3,2)) | F3: =COUNTIFS(TaskLog!$J$2:$J$500,$A3) -> 0 | G3: =COUNTIFS(TaskLog!$J$2:$J$500,$A3,TaskLog!$G$2:$G$500,"Done") -> 0 | H3: =IF(F3=0,"",G3/F3) | I3: =SUMIFS(TaskLog!$D$2:$D$500,TaskLog!$J$2:$J$500,$A3) -> 0 | J3: =SUMIFS(TaskLog!$E$2:$E$500,TaskLog!$J$2:$J$500,$A3) -> 0 | K3: =SUM($C$2:C3) -> 8 | L3: =SUM($G$2:G3) -> 2
A4: 2026-10 | B4: Oct-26 | C4: =SUMIFS(DailyHours!$F$2:$F$500,DailyHours!$G$2:$G$500,$A4) -> 0 | D4: =COUNTIFS(DailyHours!$G$2:$G$500,$A4) -> 0 | E4: =IF(D4=0,"",ROUND(C4/D4,2)) | F4: =COUNTIFS(TaskLog!$J$2:$J$500,$A4) -> 0 | G4: =COUNTIFS(TaskLog!$J$2:$J$500,$A4,TaskLog!$G$2:$G$500,"Done") -> 0 | H4: =IF(F4=0,"",G4/F4) | I4: =SUMIFS(TaskLog!$D$2:$D$500,TaskLog!$J$2:$J$500,$A4) -> 0 | J4: =SUMIFS(TaskLog!$E$2:$E$500,TaskLog!$J$2:$J$500,$A4) -> 0 | K4: =SUM($C$2:C4) -> 8 | L4: =SUM($G$2:G4) -> 2
A5: 2026-11 | B5: Nov-26 | C5: =SUMIFS(DailyHours!$F$2:$F$500,DailyHours!$G$2:$G$500,$A5) -> 0 | D5: =COUNTIFS(DailyHours!$G$2:$G$500,$A5) -> 0 | E5: =IF(D5=0,"",ROUND(C5/D5,2)) | F5: =COUNTIFS(TaskLog!$J$2:$J$500,$A5) -> 0 | G5: =COUNTIFS(TaskLog!$J$2:$J$500,$A5,TaskLog!$G$2:$G$500,"Done") -> 0 | H5: =IF(F5=0,"",G5/F5) | I5: =SUMIFS(TaskLog!$D$2:$D$500,TaskLog!$J$2:$J$500,$A5) -> 0 | J5: =SUMIFS(TaskLog!$E$2:$E$500,TaskLog!$J$2:$J$500,$A5) -> 0 | K5: =SUM($C$2:C5) -> 8 | L5: =SUM($G$2:G5) -> 2
A6: 2026-12 | B6: Dec-26 | C6: =SUMIFS(DailyHours!$F$2:$F$500,DailyHours!$G$2:$G$500,$A6) -> 0 | D6: =COUNTIFS(DailyHours!$G$2:$G$500,$A6) -> 0 | E6: =IF(D6=0,"",ROUND(C6/D6,2)) | F6: =COUNTIFS(TaskLog!$J$2:$J$500,$A6) -> 0 | G6: =COUNTIFS(TaskLog!$J$2:$J$500,$A6,TaskLog!$G$2:$G$500,"Done") -> 0 | H6: =IF(F6=0,"",G6/F6) | I6: =SUMIFS(TaskLog!$D$2:$D$500,TaskLog!$J$2:$J$500,$A6) -> 0 | J6: =SUMIFS(TaskLog!$E$2:$E$500,TaskLog!$J$2:$J$500,$A6) -> 0 | K6: =SUM($C$2:C6) -> 8 | L6: =SUM($G$2:G6) -> 2
A7: 2027-01 | B7: Jan-27 | C7: =SUMIFS(DailyHours!$F$2:$F$500,DailyHours!$G$2:$G$500,$A7) -> 0 | D7: =COUNTIFS(DailyHours!$G$2:$G$500,$A7) -> 0 | E7: =IF(D7=0,"",ROUND(C7/D7,2)) | F7: =COUNTIFS(TaskLog!$J$2:$J$500,$A7) -> 0 | G7: =COUNTIFS(TaskLog!$J$2:$J$500,$A7,TaskLog!$G$2:$G$500,"Done") -> 0 | H7: =IF(F7=0,"",G7/F7) | I7: =SUMIFS(TaskLog!$D$2:$D$500,TaskLog!$J$2:$J$500,$A7) -> 0 | J7: =SUMIFS(TaskLog!$E$2:$E$500,TaskLog!$J$2:$J$500,$A7) -> 0 | K7: =SUM($C$2:C7) -> 8 | L7: =SUM($G$2:G7) -> 2
A8: 2027-02 | B8: Feb-27 | C8: =SUMIFS(DailyHours!$F$2:$F$500,DailyHours!$G$2:$G$500,$A8) -> 0 | D8: =COUNTIFS(DailyHours!$G$2:$G$500,$A8) -> 0 | E8: =IF(D8=0,"",ROUND(C8/D8,2)) | F8: =COUNTIFS(TaskLog!$J$2:$J$500,$A8) -> 0 | G8: =COUNTIFS(TaskLog!$J$2:$J$500,$A8,TaskLog!$G$2:$G$500,"Done") -> 0 | H8: =IF(F8=0,"",G8/F8) | I8: =SUMIFS(TaskLog!$D$2:$D$500,TaskLog!$J$2:$J$500,$A8) -> 0 | J8: =SUMIFS(TaskLog!$E$2:$E$500,TaskLog!$J$2:$J$500,$A8) -> 0 | K8: =SUM($C$2:C8) -> 8 | L8: =SUM($G$2:G8) -> 2
A9: 2027-03 | B9: Mar-27 | C9: =SUMIFS(DailyHours!$F$2:$F$500,DailyHours!$G$2:$G$500,$A9) -> 0 | D9: =COUNTIFS(DailyHours!$G$2:$G$500,$A9) -> 0 | E9: =IF(D9=0,"",ROUND(C9/D9,2)) | F9: =COUNTIFS(TaskLog!$J$2:$J$500,$A9) -> 0 | G9: =COUNTIFS(TaskLog!$J$2:$J$500,$A9,TaskLog!$G$2:$G$500,"Done") -> 0 | H9: =IF(F9=0,"",G9/F9) | I9: =SUMIFS(TaskLog!$D$2:$D$500,TaskLog!$J$2:$J$500,$A9) -> 0 | J9: =SUMIFS(TaskLog!$E$2:$E$500,TaskLog!$J$2:$J$500,$A9) -> 0 | K9: =SUM($C$2:C9) -> 8 | L9: =SUM($G$2:G9) -> 2
A10: 2027-04 | B10: Apr-27 | C10: =SUMIFS(DailyHours!$F$2:$F$500,DailyHours!$G$2:$G$500,$A10) -> 0 | D10: =COUNTIFS(DailyHours!$G$2:$G$500,$A10) -> 0 | E10: =IF(D10=0,"",ROUND(C10/D10,2)) | F10: =COUNTIFS(TaskLog!$J$2:$J$500,$A10) -> 0 | G10: =COUNTIFS(TaskLog!$J$2:$J$500,$A10,TaskLog!$G$2:$G$500,"Done") -> 0 | H10: =IF(F10=0,"",G10/F10) | I10: =SUMIFS(TaskLog!$D$2:$D$500,TaskLog!$J$2:$J$500,$A10) -> 0 | J10: =SUMIFS(TaskLog!$E$2:$E$500,TaskLog!$J$2:$J$500,$A10) -> 0 | K10: =SUM($C$2:C10) -> 8 | L10: =SUM($G$2:G10) -> 2
A11: 2027-05 | B11: May-27 | C11: =SUMIFS(DailyHours!$F$2:$F$500,DailyHours!$G$2:$G$500,$A11) -> 0 | D11: =COUNTIFS(DailyHours!$G$2:$G$500,$A11) -> 0 | E11: =IF(D11=0,"",ROUND(C11/D11,2)) | F11: =COUNTIFS(TaskLog!$J$2:$J$500,$A11) -> 0 | G11: =COUNTIFS(TaskLog!$J$2:$J$500,$A11,TaskLog!$G$2:$G$500,"Done") -> 0 | H11: =IF(F11=0,"",G11/F11) | I11: =SUMIFS(TaskLog!$D$2:$D$500,TaskLog!$J$2:$J$500,$A11) -> 0 | J11: =SUMIFS(TaskLog!$E$2:$E$500,TaskLog!$J$2:$J$500,$A11) -> 0 | K11: =SUM($C$2:C11) -> 8 | L11: =SUM($G$2:G11) -> 2
A12: 2027-06 | B12: Jun-27 | C12: =SUMIFS(DailyHours!$F$2:$F$500,DailyHours!$G$2:$G$500,$A12) -> 0 | D12: =COUNTIFS(DailyHours!$G$2:$G$500,$A12) -> 0 | E12: =IF(D12=0,"",ROUND(C12/D12,2)) | F12: =COUNTIFS(TaskLog!$J$2:$J$500,$A12) -> 0 | G12: =COUNTIFS(TaskLog!$J$2:$J$500,$A12,TaskLog!$G$2:$G$500,"Done") -> 0 | H12: =IF(F12=0,"",G12/F12) | I12: =SUMIFS(TaskLog!$D$2:$D$500,TaskLog!$J$2:$J$500,$A12) -> 0 | J12: =SUMIFS(TaskLog!$E$2:$E$500,TaskLog!$J$2:$J$500,$A12) -> 0 | K12: =SUM($C$2:C12) -> 8 | L12: =SUM($G$2:G12) -> 2
A13: 2027-07 | B13: Jul-27 | C13: =SUMIFS(DailyHours!$F$2:$F$500,DailyHours!$G$2:$G$500,$A13) -> 0 | D13: =COUNTIFS(DailyHours!$G$2:$G$500,$A13) -> 0 | E13: =IF(D13=0,"",ROUND(C13/D13,2)) | F13: =COUNTIFS(TaskLog!$J$2:$J$500,$A13) -> 0 | G13: =COUNTIFS(TaskLog!$J$2:$J$500,$A13,TaskLog!$G$2:$G$500,"Done") -> 0 | H13: =IF(F13=0,"",G13/F13) | I13: =SUMIFS(TaskLog!$D$2:$D$500,TaskLog!$J$2:$J$500,$A13) -> 0 | J13: =SUMIFS(TaskLog!$E$2:$E$500,TaskLog!$J$2:$J$500,$A13) -> 0 | K13: =SUM($C$2:C13) -> 8 | L13: =SUM($G$2:G13) -> 2
... A18: 2027-12 | B18: Dec-27 | C18: =SUMIFS(DailyHours!$F$2:$F$500,DailyHours!$G$2:$G$500,$A18) -> 0 | D18: =COUNTIFS(DailyHours!$G$2:$G$500,$A18) -> 0 | E18: =IF(D18=0,"",ROUND(C18/D18,2)) | F18: =COUNTIFS(TaskLog!$J$2:$J$500,$A18) -> 0 | G18: =COUNTIFS(TaskLog!$J$2:$J$500,$A18,TaskLog!$G$2:$G$500,"Done") -> 0 | H18: =IF(F18=0,"",G18/F18) | I18: =SUMIFS(TaskLog!$D$2:$D$500,TaskLog!$J$2:$J$500,$A18) -> 0 | J18: =SUMIFS(TaskLog!$E$2:$E$500,TaskLog!$J$2:$J$500,$A18) -> 0 | K18: =SUM($C$2:C18) -> 8 | L18: =SUM($G$2:G18) -> 2
B19: TOTAL | C19: =SUM(C2:C18) -> 8 | D19: =SUM(D2:D18) -> 1 | F19: =SUM(F2:F18) -> 3 | G19: =SUM(G2:G18) -> 2 | H19: =IF(F19=0,"",G19/F19) -> 0.66666667 | I19: =SUM(I2:I18) -> 6.5 | J19: =SUM(J2:J18) -> 5.5
B21: All figures calculate automatically from DailyHours and TaskLog (rows 2-500). 'Tasks Completed' counts TaskLog rows with Status = Done. Months pre-built Aug-2026 to Dec-2027; copy the last row down to extend.
